<KinBody name="wam2ode">
  <Body type="dynamic">
    <Geom type="cylinder">
    <Translation>0 -0.049 0</Translation>
    <RotationAxis>1 0 0 0</RotationAxis>
      <height>0.12</height>
      <radius>0.06</radius>
      <diffusecolor>0.937255 0.67451 0.113725</diffusecolor>
    </Geom>                    
    <Geom type="cylinder">
    <Translation>0 0 0</Translation>
    <RotationAxis>1 0 0 90</RotationAxis>
      <height>0.12</height>
      <radius>0.0635</radius>
      <diffusecolor>0.937255 0.67451 0.113725</diffusecolor>
    </Geom>                    
  </Body>
</KinBody>