<KinBody name="conference_table">
  <!-- 
       CMU 6' Conference Table
    -->
  <Body name="table" type="static">
    <!-- Tabletop -->
    <Geom type="box">
      <AmbientColor>0.8 0.8 0.8</AmbientColor>
      <DiffuseColor>0.8 0.8 0.8</DiffuseColor>
      <Extents>0.92575 0.021 0.3705</Extents>
      <Translation>-0.0 0.714 0.0</Translation>
    </Geom>
    <Geom type="box">
      <AmbientColor>0.4 0.4 0.4</AmbientColor>
      <DiffuseColor>0.4 0.4 0.4</DiffuseColor>
      <Extents>0.93175 0.021 0.3805</Extents>
      <Translation>0.0 0.7135 0.0</Translation>
    </Geom>
    <!-- Table legs -->
    <Geom type="cylinder">
      <AmbientColor>0.4 0.4 0.4</AmbientColor>
      <DiffuseColor>0.4 0.4 0.4</DiffuseColor>
      <Radius>0.025</Radius>
      <Height>0.658</Height>
      <Translation>0.61375 0.364 0.0</Translation>
    </Geom>
    <Geom type="cylinder">
      <AmbientColor>0.4 0.4 0.4</AmbientColor>
      <DiffuseColor>0.4 0.4 0.4</DiffuseColor>
      <Radius>0.025</Radius>
      <Height>0.658</Height>
      <Translation>-0.61375 0.364 0.0</Translation>
    </Geom>
    <!-- Left table foot -->
    <Geom type="cylinder">
      <AmbientColor>0.4 0.4 0.4</AmbientColor>
      <DiffuseColor>0.4 0.4 0.4</DiffuseColor>
      <Radius>0.015</Radius>
      <Height>0.01</Height>
      <Translation>0.61375 0.005 0.30</Translation>
    </Geom>
    <Geom type="cylinder">
      <AmbientColor>0.4 0.4 0.4</AmbientColor>
      <DiffuseColor>0.4 0.4 0.4</DiffuseColor>
      <Radius>0.015</Radius>
      <Height>0.01</Height>
      <Translation>0.61375 0.005 -0.30</Translation>
    </Geom>
    <Geom type="box">
      <AmbientColor>0.4 0.4 0.4</AmbientColor>
      <DiffuseColor>0.4 0.4 0.4</DiffuseColor>
      <Extents>0.03 0.0025 0.33</Extents>
      <Translation>0.61375 0.03525 0.0</Translation>
    </Geom>
    <Geom type="box">
      <AmbientColor>0.4 0.4 0.4</AmbientColor>
      <DiffuseColor>0.4 0.4 0.4</DiffuseColor>
      <Extents>0.03 0.0025 0.33</Extents>
      <Translation>0.61375 0.03525 0.0</Translation>
    </Geom>
    <Geom type="cylinder">
      <AmbientColor>0.4 0.4 0.4</AmbientColor>
      <DiffuseColor>0.4 0.4 0.4</DiffuseColor>
      <Radius>0.005</Radius>
      <Height>0.025</Height>
      <Translation>0.61375 0.0225 0.30</Translation>
    </Geom>
    <Geom type="cylinder">
      <AmbientColor>0.4 0.4 0.4</AmbientColor>
      <DiffuseColor>0.4 0.4 0.4</DiffuseColor>
      <Radius>0.005</Radius>
      <Height>0.025</Height>
      <Translation>0.61375 0.0225 -0.30</Translation>
    </Geom>
    <!-- Right table foot -->
    <Geom type="cylinder">
      <AmbientColor>0.4 0.4 0.4</AmbientColor>
      <DiffuseColor>0.4 0.4 0.4</DiffuseColor>
      <Radius>0.015</Radius>
      <Height>0.01</Height>
      <Translation>-0.61375 0.005 0.30</Translation>
    </Geom>
    <Geom type="cylinder">
      <AmbientColor>0.4 0.4 0.4</AmbientColor>
      <DiffuseColor>0.4 0.4 0.4</DiffuseColor>
      <Radius>0.015</Radius>
      <Height>0.01</Height>
      <Translation>-0.61375 0.005 -0.30</Translation>
    </Geom>
    <Geom type="box">
      <AmbientColor>0.4 0.4 0.4</AmbientColor>
      <DiffuseColor>0.4 0.4 0.4</DiffuseColor>
      <Extents>0.03 0.0025 0.33</Extents>
      <Translation>-0.61375 0.03525 0.0</Translation>
    </Geom>
    <Geom type="box">
      <AmbientColor>0.4 0.4 0.4</AmbientColor>
      <DiffuseColor>0.4 0.4 0.4</DiffuseColor>
      <Extents>0.03 0.0025 0.33</Extents>
      <Translation>-0.61375 0.03525 0.0</Translation>
    </Geom>
    <Geom type="cylinder">
      <AmbientColor>0.4 0.4 0.4</AmbientColor>
      <DiffuseColor>0.4 0.4 0.4</DiffuseColor>
      <Radius>0.005</Radius>
      <Height>0.025</Height>
      <Translation>-0.61375 0.0225 0.30</Translation>
    </Geom>
    <Geom type="cylinder">
      <AmbientColor>0.4 0.4 0.4</AmbientColor>
      <DiffuseColor>0.4 0.4 0.4</DiffuseColor>
      <Radius>0.005</Radius>
      <Height>0.025</Height>
      <Translation>-0.61375 0.0225 -0.30</Translation>
    </Geom>
  </Body>
</KinBody>
